наименование товара,цена,ссылка
Подвесной светильник Сансет Black,4400,/lipetsk/product/podvesnoj-svetilnik-sanset-black
Торшер Билли Black,15 220,/lipetsk/product/torsher-billi-black
Подвесной светильник Бабл-9,17 320,/lipetsk/product/podvesnoj-svetilnik-babl-9
Торшер Бабл-1,6500,/lipetsk/product/torsher-babl-1
Подвесной светильник Бабл-3,6500,/lipetsk/product/podvesnoj-svetilnik-babl-3
Бра Бабл Black,2090,/lipetsk/product/bra-babl-black
Настольная лампа Дэнди Black,3770,/lipetsk/product/nastolnaya-lampa-dendi-black
Настольная лампа Дэнди White,3770,/lipetsk/product/nastolnaya-lampa-dendi-white
Торшер Варио White,5240,/lipetsk/product/torsher-vario-white
Бра Варио Black,1040,/lipetsk/product/bra-vario-black
Бра Варио White,1040,/lipetsk/product/bra-vario-white
Подвесной светильник Сансет White,4400,/lipetsk/product/podvesnoj-svetilnik-sanset-white
Подвесной светильник Кэндел Black,2830,/lipetsk/product/podvesnoj-svetilnik-kendel-black
Подвесной светильник Кэндел White,2830,/lipetsk/product/podvesnoj-svetilnik-kendel-white
Торшер Вена Beige,10 490,/lipetsk/product/torsher-vena-beige
Настольная лампа Сфера Orange,5240,/lipetsk/product/nastolnaya-lampa-sfera-orange
Торшер Осло Black,16 790,/lipetsk/product/torsher-oslo-black
Подвесной светильник Кая Black,2720,/lipetsk/product/podvesnoj-svetilnik-kaya-black
Торшер Вена Black,10 490,/lipetsk/product/torsher-vena-black
Подвесной светильник Кая White,2720,/lipetsk/product/podvesnoj-svetilnik-kaya-white
Торшер Сканди White,10 490,/lipetsk/product/torsher-skandi-white
Настольная лампа Гровер Glass,4190,/lipetsk/product/nastolnaya-lampa-grover-glass
Настольная лампа Сфера Black,4190,/lipetsk/product/nastolnaya-lampa-sfera-black
Настольная лампа Машрум Grey,4190,/lipetsk/product/nastolnaya-lampa-mashrum-grey
Настольная лампа Спайк Green,1040,/lipetsk/product/nastolnaya-lampa-spajk-green
Торшер Клауд White,15 320,/lipetsk/product/torsher-klaud-white
Настольная лампа Клауд White,12 170,/lipetsk/product/nastolnaya-lampa-klaud-white
Настольная лампа Рэй Black,3140,/lipetsk/product/nastolnaya-lampa-rej-black
Торшер Рэй White,3770,/lipetsk/product/torsher-rej-white
Торшер Рэй Black,5240,/lipetsk/product/torsher-rej-black
Настольная лампа Спайк Orange,830,/lipetsk/product/nastolnaya-lampa-spajk-orange
Подвесной светильник Портланд Black,2720,/lipetsk/product/podvesnoj-svetilnik-portland-black
Настольная лампа Гросс White,3770,/lipetsk/product/nastolnaya-lampa-gross-white
Торшер Мун Black,6290,/lipetsk/product/torsher-mun-black
Торшер Билли White,14 060,/lipetsk/product/torsher-billi-white
Торшер Варио Black,6500,/lipetsk/product/torsher-vario-black
Настольная лампа Раффи Round,5240,/lipetsk/product/nastolnaya-lampa-raffi-round
Торшер Гросс White,6290,/lipetsk/product/torsher-gross-white
Торшер Раффи Round,9970,/lipetsk/product/torsher-raffi-round
Бра Moderli Alina,3560,/lipetsk/product/bra-moderli-alina
Подвесной светильник Маро Green,12 280,/lipetsk/product/podvesnoj-svetilnik-maro-green
Настольная лампа Рэй White,2720,/lipetsk/product/nastolnaya-lampa-rej-white
Бра Tarbes-2,3140,/lipetsk/product/bra-tarbes-2
Светильник потолочный Matthew,5240,/lipetsk/product/svetilnik-potolochnyj-matthew
Настольная лампа Junior-4,3140,/lipetsk/product/nastolnaya-lampa-junior-4
Спот Лайт-1 Black,2510,/lipetsk/product/spot-lajt-1-black
Настольная лампа Junior-3,4070,/lipetsk/product/nastolnaya-lampa-junior-3
Настольная лампа Junior-1,4190,/lipetsk/product/nastolnaya-lampa-junior-1
